[
	{
		"id": 0,
		"name" : "bokyung Na",
		"email" : "bokyung@mail.com" ,
		"profileMsg" : "Kakao Talk React Creative",
		"image": "https://randomuser.me/api/portraits/women/44.jpg"
	}, 
	{
		"id": 1,
		"name" : "Leanne Graham" ,
		"email" : "Sincere@april.biz" ,
		"profileMsg" : " Lorem ipsum dolor sit amet " ,
		"lastMsg" : " consectetur adipiscing elit.  " ,
		"image": "https://randomuser.me/api/portraits/men/32.jpg",
		"backgroundImg" : "https://i.pinimg.com/236x/56/ff/95/56ff9595e1a29d4a7c0e7ed374bf267c.jpg" 
		
	}, 
	{
		"id": 2,
		"name" : "Ervin Howell" ,
		"email" : "Shanna@melissa.tv" ,
		"profileMsg" : " Vivamus ornare ornare leo id commodo. " ,
		"lastMsg" : " Duis a sodales odio, " ,
		"image": "https://randomuser.me/api/portraits/women/55.jpg",
		"backgroundImg" : "https://i.pinimg.com/236x/06/ac/38/06ac389623a9898baf16496e0cacbd59.jpg" 
	}, 
	{
		"id": 3,
		"name" : "Clementine Bauch" ,
		"email" : "Nathan@yesenia.net" ,
		"profileMsg" : " ac cursus sem. " ,
		"lastMsg" : " iDuis suscipit nulla at massa gravida " ,
		"image": "https://randomuser.me/api/portraits/women/8.jpg",
		"backgroundImg" : "https://i.pinimg.com/236x/3a/65/a3/3a65a31d97453e857ea9214a6cbc292c.jpg" 
	}, 
	{
		"id": 4,
		"name" : "Patricia Lebsack" ,
		"email" : "Julianne.OConner@kory.org" ,
		"profileMsg" : " quis pulvinar dui feugiat. " ,
		"lastMsg" : " Maecenas at felis auctor " ,
		"image": "https://randomuser.me/api/portraits/men/84.jpg",
		"backgroundImg" : "https://i.pinimg.com/236x/4a/9c/6b/4a9c6b9b49cb80cbcfcde3d520a440cd.jpg" 
	}, 
	{
		"id": 5,
		"name" : "Chelsey Dietrich" ,
		"email" : "Lucio_Hettinger@annie.ca" ,
		"profileMsg" : " sollicitudin eros quis, venenatis enim " ,
		"lastMsg" : " Quisque elementum " ,
		"image": "https://images.unsplash.com/photo-1510227272981-87123e259b17?ixlib=rb-0.3.5&q=80&fm=jpg&crop=faces&fit=crop&h=200&w=200&s=3759e09a5b9fbe53088b23c615b6312e",
		"backgroundImg" : "https://i.pinimg.com/236x/9a/81/a3/9a81a38f27078aeeb2bac0dabe1430d4.jpg" 
	}, 
	{
		"id": 6,
		"name" : "Mrs. Dennis Schulist" ,
		"email" : "Karley_Dach@jasper.info" ,
		"profileMsg" : " augue ut pretium molestie " ,
		"lastMsg" : " lacus eros blandit augue " ,
		"image": "https://randomuser.me/api/portraits/men/4.jpg",
		"backgroundImg" : "https://i.pinimg.com/236x/c7/c9/c1/c7c9c161634a443a49a8c71ef6837bc9.jpg" 
	}, 
	{
		"id": 7,
		"name" : "Kurtis Weissnat" ,
		"email" : "Telly.Hoeger@billy.biz" ,
		"profileMsg" : " faucibus rutrum ex diam et eros " ,
		"lastMsg" : " Suspendisse pellentesque " ,
		"image": "https://images.unsplash.com/photo-1511485977113-f34c92461ad9?ixlib=rb-1.2.1&q=80&fm=jpg&crop=faces&fit=crop&h=200&w=200&ixid=eyJhcHBfaWQiOjE3Nzg0fQ",
		"backgroundImg" : "https://i.pinimg.com/236x/d5/a8/3a/d5a83ae2f93e7d3770d750783ee7556b.jpg" 
	}, 
	{
		"id": 8,
		"name" : "Nicholas Runolfsdottir V" ,
		"email" : "Sherwood@rosamond.me" ,
		"profileMsg" : " tellus ac eleifend interdum " ,
		"lastMsg" : " dolor urna tempus turpis " ,
		"image": "https://randomuser.me/api/portraits/men/1.jpg",
		"backgroundImg" : "https://i.pinimg.com/236x/f3/50/0e/f3500eca677a61e537005e5b4832b5ef.jpg" 
	}, 
	{
		"id": 9,
		"name" : "Glenna Reichert" ,
		"email" : "Chaim_McDermott@dana.io" ,
		"profileMsg" : " vitae aliquet odio risus a augue. " ,
		"lastMsg" : " Nulla eu venenatis nunc. " ,
		"image": "https://randomuser.me/api/portraits/men/29.jpg",
		"backgroundImg" : "https://i.pinimg.com/236x/ea/af/cd/eaafcdb86a6c1c0cceb126715e936e99.jpg" 
	}, 
	{
		"id": 10,
		"name" : "Clementina DuBuque" ,
		"email" : "Rey.Padberg@karina.biz" ,
		"profileMsg" : " Curabitur varius libero sit amet commodo tempus " ,
		"lastMsg" : " Suspendisse dictum placerat ullamcorper. " ,
		"image": "https://images.unsplash.com/photo-1520810627419-35e362c5dc07?ixlib=rb-1.2.1&q=80&fm=jpg&crop=faces&fit=crop&h=200&w=200&ixid=eyJhcHBfaWQiOjE3Nzg0fQ",
		"backgroundImg" : "https://i.pinimg.com/236x/5f/ed/ec/5fedecc416bc04a16d47149365818e3c.jpg" 
	}
]